trial_id,max_num_of_clusters,max_dissimilarity_distance,similarity_threshold,window_size,metric,similarity_vectors,embedding_distance_metric,distance_metric,number_of_permutations,ngrams,char_tokenization,num_of_comparisons,diffObjectsComparedSuccess,sameObjectsCompared,sameObjectsComparedSuccess,selection_variance,selectedNumOfPrototypes,averageBucketSize,prototypesTime,embeddingsTime,wtaTime,similarityTime,Accuracy,Precision,Recall,F1,Time
0,342,0.5005854122062207,0.5516028059668504,33,kendal,initial,euclid_jaccard,euclid_jaccard,5,3,True,371182,346165,418,410,,235,21,0.5154385566711426,1.3001179695129395,0.26581478118896484,294.18553018569946,94.22246449058214,1.6119718987585412,97.38372093023256,3.1714475054435294,296.63338112831116
1,126,0.8427281623298983,0.6579977333101301,7,kendal,initial,euclid_jaccard,euclid_jaccard,1,3,True,192666,183212,323,297,,69,5,0.05800008773803711,0.4779980182647705,0.024000167846679688,90.6706154346466,97.40779131279639,3.1501909206618586,86.33720930232558,6.078591895210807,91.59705972671509
