trial_id,max_num_of_clusters,max_dissimilarity_distance,similarity_threshold,window_size,metric,similarity_vectors,embedding_distance_metric,distance_metric,number_of_permutations,ngrams,char_tokenization,num_of_comparisons,diffObjectsComparedSuccess,sameObjectsCompared,sameObjectsComparedSuccess,selection_variance,selectedNumOfPrototypes,averageBucketSize,prototypesTime,embeddingsTime,wtaTime,similarityTime,Accuracy,Precision,Recall,F1,Time
0,176,0.10101497392759344,0.6563079451080928,32,kendal,initial,euclid_jaccard,euclid_jaccard,3,3,True,211325,181925,18464,17524,,141,60,0.21615839004516602,2.4900786876678467,0.10097789764404297,93.35344052314758,98.48765432098764,59.2765412726597,83.53701117318437,69.34615105915316,96.7174460887909
1,146,0.8338343136672132,0.6467957278851972,30,kendal,initial,euclid_jaccard,euclid_jaccard,5,3,True,196895,171744,16185,15214,,41,104,0.25252723693847656,0.8700628280639648,0.07807302474975586,113.83668661117554,98.60825110825111,62.15070851542842,81.93086592178771,70.68303336094584,116.3702929019928
2,407,0.5352345282497558,0.6555025843283011,33,kendal,initial,euclid_jaccard,euclid_jaccard,3,3,True,236628,207184,19725,18699,,93,65,2.9708406925201416,4.009016036987305,0.19068074226379395,146.36701798439026,98.74553124553125,64.52161773046551,86.06261638733706,73.7514025682583,154.85076713562012
3,345,0.18004837120114475,0.7102372657971174,62,kendal,initial,euclid_jaccard,euclid_jaccard,1,3,True,65008,47730,12890,12120,,220,35,1.6194961071014404,7.347351551055908,0.08471345901489258,53.636608362197876,98.8736355403022,73.41894838866004,70.53072625698324,71.94586251929242,64.04638504981995
