trial_id,max_num_of_clusters,max_dissimilarity_distance,similarity_threshold,window_size,metric,similarity_vectors,embedding_distance_metric,distance_metric,number_of_permutations,ngrams,char_tokenization,num_of_comparisons,diffObjectsComparedSuccess,sameObjectsCompared,sameObjectsComparedSuccess,selection_variance,selectedNumOfPrototypes,averageBucketSize,prototypesTime,embeddingsTime,wtaTime,similarityTime,Accuracy,Precision,Recall,F1,Time
0,154,0.8408921430039182,0.5776713972188496,15,kendal,initial,euclid_jaccard,euclid_jaccard,7,3,True,390720,385540,564,532,,93,43,0.20000743865966797,1.1549911499023438,0.34500598907470703,422.25103092193604,98.94933358940973,7.968127490039841,93.02325581395348,14.678899082568805,424.5740361213684
1,468,0.7301736017285783,0.6683797068516009,92,kendal,initial,euclid_jaccard,euclid_jaccard,6,3,True,356199,354494,499,422,,311,46,1.82900071144104,3.2462334632873535,0.6749567985534668,411.1812517642975,99.69073125817303,21.35774218154081,81.3953488372093,33.8368580060423,417.4824860095978
2,736,0.19859698092582684,0.5924230829818884,70,kendal,initial,euclid_jaccard,euclid_jaccard,7,3,True,388131,384998,566,514,,735,46,3.99507999420166,7.47704291343689,1.8639929294586182,522.571031332016,99.41196573471804,13.146734520780324,90.11627906976744,22.9459659511473,536.4591035842896
3,349,0.7621469246481218,0.7217236541770724,48,kendal,initial,euclid_jaccard,euclid_jaccard,4,3,True,357692,356524,501,347,,217,25,0.8550167083740234,2.3340063095092773,0.3929932117462158,400.77452087402344,99.79721008526779,27.843601895734597,68.31395348837209,39.562289562289564,405.0165479183197
4,809,0.8776468989747224,0.7285302014682128,71,kendal,initial,euclid_jaccard,euclid_jaccard,3,3,True,300611,299532,459,327,,135,25,1.7769567966461182,1.4970085620880127,0.2129988670349121,275.96665024757385,99.81641581535385,29.86842105263158,65.98837209302324,41.1231884057971,280.00765466690063
